"","cp","cpPr","site","Type"
"1",2009.41662597656,0.273624956607819,"NPEV8","WaterLevel"
"2",1996.58337402344,0.253458321094513,"NPEV8","WaterLevel"
"3",2007.33337402344,0.372041702270508,"ENPHC","WaterLevel"
"4",2018.9169921875,0.274291694164276,"TS1","WaterLevel"
"5",2019.75036621094,0.317291736602783,"TS7","WaterLevel"
"6",2009.41662597656,0.591916739940643,"ENPHC","Salinity"
"7",2012.25,0.332041621208191,"ENPHC","Salinity"
"8",2018.83361816406,0.278041690587997,"TS1","Salinity"
"9",2020.25036621094,0.267750024795532,"TS7","Salinity"
